longitude,latitude,ele,time,magvar,geoidheight,name,cmt,desc,src,link1_href,link1_text,link1_type,link2_href,link2_text,link2_type,sym,type,fix,sat,hdop,vdop,pdop,ageofdgpsdata,dgpsid
-78.78965921,43.0050267,176.8812221,2020/10/30 18:30:02+00,,Sign 1 ,2:30:02 PM,,"Oct 30, 2020 at 2:30:02 PM",,,,,,,,,,,,,,,,
-78.78985561,43.00429977,176.6095406,2020/10/30 18:31:28+00,,Sign 2,2:31:28 PM,,"Oct 30, 2020 at 2:31:28 PM",,,,,,,,,,,,,,,,
-78.78940378,43.00427553,174.3647282,2020/10/30 18:32:57+00,,Sign 3,2:32:57 PM,,"Oct 30, 2020 at 2:32:57 PM",,,,,,,,,,,,,,,,
-78.78946924,43.00410066,172.1352158,2020/10/30 18:34:16+00,,Sign 4,2:34:16 PM,,"Oct 30, 2020 at 2:34:16 PM",,,,,,,,,,,,,,,,
-78.78981438,43.00373953,176.1975925,2020/10/30 18:36:51+00,,Sign 5,2:36:51 PM,,"Oct 30, 2020 at 2:36:51 PM",,,,,,,,,,,,,,,,
-78.79007705,43.00340313,174.5035125,2020/10/30 18:37:53+00,,Sign 6,2:37:53 PM,,"Oct 30, 2020 at 2:37:53 PM",,,,,,,,,,,,,,,,
-78.78919102,43.00344155,174.8001834,2020/10/30 18:39:45+00,,Sign 7,2:39:45 PM,,"Oct 30, 2020 at 2:39:45 PM",,,,,,,,,,,,,,,,
-78.78770298,43.00344142,176.4735883,2020/10/30 18:42:15+00,,Sign 8,2:42:15 PM,,"Oct 30, 2020 at 2:42:15 PM",,,,,,,,,,,,,,,,
-78.78617422,43.0033332,178.0498341,2020/10/30 18:45:03+00,,Sign 9,2:45:03 PM,,"Oct 30, 2020 at 2:45:03 PM",,,,,,,,,,,,,,,,
-78.78600968,43.00366229,175.6145886,2020/10/30 18:46:49+00,,Sign 10,2:46:49 PM,,"Oct 30, 2020 at 2:46:49 PM",,,,,,,,,,,,,,,,
-78.78582366,43.00346492,176.018264,2020/10/30 18:47:53+00,,Sign 11,2:47:53 PM,,"Oct 30, 2020 at 2:47:53 PM",,,,,,,,,,,,,,,,
-78.7857107,43.00324071,175.9879877,2020/10/30 18:49:04+00,,Sign 12,2:49:04 PM,,"Oct 30, 2020 at 2:49:04 PM",,,,,,,,,,,,,,,,
-78.78600907,43.00311032,176.4993,2020/10/30 18:50:13+00,,Sign 13,2:50:13 PM,,"Oct 30, 2020 at 2:50:13 PM",,,,,,,,,,,,,,,,
-78.78630563,43.00309421,176.6183436,2020/10/30 18:51:14+00,,Sign 14,2:51:14 PM,,"Oct 30, 2020 at 2:51:14 PM",,,,,,,,,,,,,,,,
-78.78679622,43.00243663,176.7863404,2020/10/30 18:53:00+00,,Sign 15,2:53:00 PM,,"Oct 30, 2020 at 2:53:00 PM",,,,,,,,,,,,,,,,
-78.78787576,43.00300652,178.2728666,2020/10/30 18:55:42+00,,Sign 16,2:55:42 PM,,"Oct 30, 2020 at 2:55:42 PM",,,,,,,,,,,,,,,,
-78.78860702,43.00302552,178.4374541,2020/10/30 18:57:03+00,,Sign 17,2:57:03 PM,,"Oct 30, 2020 at 2:57:03 PM",,,,,,,,,,,,,,,,
-78.78859612,43.00293401,176.9358675,2020/10/30 18:57:15+00,,Sign 18,2:57:15 PM,,"Oct 30, 2020 at 2:57:15 PM",,,,,,,,,,,,,,,,
-78.78891288,43.00310713,177.9734731,2020/10/30 18:58:52+00,,Sign 19,2:58:52 PM,,"Oct 30, 2020 at 2:58:52 PM",,,,,,,,,,,,,,,,
-78.78935888,43.00308424,176.9492038,2020/10/30 19:00:07+00,,Sign 20,3:00:07 PM,,"Oct 30, 2020 at 3:00:07 PM",,,,,,,,,,,,,,,,
-78.78994918,43.00306853,176.7393426,2020/10/30 19:00:56+00,,Sign 21,3:00:56 PM,,"Oct 30, 2020 at 3:00:56 PM",,,,,,,,,,,,,,,,
-78.79162532,43.00308663,176.922393,2020/10/30 19:04:07+00,,Sign 22,3:04:07 PM,,"Oct 30, 2020 at 3:04:07 PM",,,,,,,,,,,,,,,,
-78.79159574,43.00323777,178.6609289,2020/10/30 19:04:59+00,,Sign 23,3:04:59 PM,,"Oct 30, 2020 at 3:04:59 PM",,,,,,,,,,,,,,,,
-78.7932155,43.00304858,178.3053922,2020/10/30 19:07:33+00,,Sign 24,3:07:33 PM,,"Oct 30, 2020 at 3:07:33 PM",,,,,,,,,,,,,,,,
-78.79330452,43.00322972,177.7766786,2020/10/30 19:08:21+00,,Sign 25,3:08:21 PM,,"Oct 30, 2020 at 3:08:21 PM",,,,,,,,,,,,,,,,
-78.79342873,43.00322032,177.5948619,2020/10/30 19:09:57+00,,Sign 26,3:09:57 PM,,"Oct 30, 2020 at 3:09:57 PM",,,,,,,,,,,,,,,,
-78.79485245,43.00321657,178.1259522,2020/10/30 19:12:14+00,,Sign 27,3:12:14 PM,,"Oct 30, 2020 at 3:12:14 PM",,,,,,,,,,,,,,,,
-78.79510733,43.00299673,178.2822854,2020/10/30 19:13:14+00,,Sign 28,3:13:14 PM,,"Oct 30, 2020 at 3:13:14 PM",,,,,,,,,,,,,,,,
-78.79330559,43.00224203,177.7964869,2020/10/30 19:16:53+00,,Sign 29,3:16:53 PM,,"Oct 30, 2020 at 3:16:53 PM",,,,,,,,,,,,,,,,
-78.7937812,43.00228747,178.2815945,2020/10/30 19:17:55+00,,Sign 30,3:17:55 PM,,"Oct 30, 2020 at 3:17:55 PM",,,,,,,,,,,,,,,,
-78.7936191,43.00163583,179.5538846,2020/10/30 19:20:42+00,,Sign 31,3:20:42 PM,,"Oct 30, 2020 at 3:20:42 PM",,,,,,,,,,,,,,,,
-78.79269822,43.00139577,180.0608542,2020/10/30 19:22:15+00,,Sign 32,3:22:15 PM,,"Oct 30, 2020 at 3:22:15 PM",,,,,,,,,,,,,,,,
-78.79214197,43.00143862,180.3874849,2020/10/30 19:23:15+00,,Sign 33,3:23:15 PM,,"Oct 30, 2020 at 3:23:15 PM",,,,,,,,,,,,,,,,
-78.7910874,43.00147397,179.8138689,2020/10/30 19:24:53+00,,Sign 34,3:24:53 PM,,"Oct 30, 2020 at 3:24:53 PM",,,,,,,,,,,,,,,,
-78.79021715,43.0010677,181.6667417,2020/10/30 19:27:23+00,,Sign 35,3:27:23 PM,,"Oct 30, 2020 at 3:27:23 PM",,,,,,,,,,,,,,,,
-78.78989322,43.00236431,179.0162581,2020/10/30 19:30:08+00,,Sign 36,3:30:08 PM,,"Oct 30, 2020 at 3:30:08 PM",,,,,,,,,,,,,,,,
-78.78927741,43.00206174,177.3689019,2020/10/30 19:31:33+00,,Sign 37,3:31:33 PM,,"Oct 30, 2020 at 3:31:33 PM",,,,,,,,,,,,,,,,
-78.78854155,43.00224097,177.0027684,2020/10/30 19:33:02+00,,Sign 38,3:33:02 PM,,"Oct 30, 2020 at 3:33:02 PM",,,,,,,,,,,,,,,,
-78.788443,43.00179651,179.7055973,2020/10/30 19:34:32+00,,Sign 39,3:34:32 PM,,"Oct 30, 2020 at 3:34:32 PM",,,,,,,,,,,,,,,,
-78.78759703,43.00183545,180.7028257,2020/10/30 19:36:05+00,,Sign 40,3:36:05 PM,,"Oct 30, 2020 at 3:36:05 PM",,,,,,,,,,,,,,,,
-78.78772175,43.00204944,179.8575526,2020/10/30 19:36:56+00,,Sign 41,3:36:56 PM,,"Oct 30, 2020 at 3:36:56 PM",,,,,,,,,,,,,,,,
-78.78753544,43.00171996,179.6706172,2020/10/30 19:39:21+00,,Sign 42,3:39:21 PM,,"Oct 30, 2020 at 3:39:21 PM",,,,,,,,,,,,,,,,
-78.78783223,43.00166096,179.5250217,2020/10/30 19:40:20+00,,Sign 43,3:40:20 PM,,"Oct 30, 2020 at 3:40:20 PM",,,,,,,,,,,,,,,,
-78.78676657,43.00168423,180.4030971,2020/10/30 19:41:48+00,,Sign 44,3:41:48 PM,,"Oct 30, 2020 at 3:41:48 PM",,,,,,,,,,,,,,,,
-78.78665926,43.00168523,179.2519662,2020/10/30 19:42:37+00,,Sign 45,3:42:37 PM,,"Oct 30, 2020 at 3:42:37 PM",,,,,,,,,,,,,,,,
-78.78619501,43.00161571,180.6327582,2020/10/30 19:44:39+00,,Sign 46,3:44:39 PM,,"Oct 30, 2020 at 3:44:39 PM",,,,,,,,,,,,,,,,
-78.78570514,43.00140645,180.7713949,2020/10/30 19:46:14+00,,Sign 47,3:46:14 PM,,"Oct 30, 2020 at 3:46:14 PM",,,,,,,,,,,,,,,,
-78.78547475,43.00082828,185.3341522,2020/10/30 19:48:00+00,,Sign 48,3:48:00 PM,,"Oct 30, 2020 at 3:48:00 PM",,,,,,,,,,,,,,,,
-78.78466958,43.00072067,180.5240914,2020/10/30 19:49:47+00,,Sign 49,3:49:47 PM,,"Oct 30, 2020 at 3:49:47 PM",,,,,,,,,,,,,,,,
-78.78562775,43.00058896,184.6487725,2020/10/30 19:53:44+00,,Sign 50,3:53:44 PM,,"Oct 30, 2020 at 3:53:44 PM",,,,,,,,,,,,,,,,
-78.78528964,43.00031376,185.6855167,2020/10/30 19:55:03+00,,Sign 51,3:55:03 PM,,"Oct 30, 2020 at 3:55:03 PM",,,,,,,,,,,,,,,,
-78.78523677,42.99991661,184.4346336,2020/10/30 19:56:08+00,,Sign 52,3:56:08 PM,,"Oct 30, 2020 at 3:56:08 PM",,,,,,,,,,,,,,,,
-78.78456807,42.99992705,182.917001,2020/10/30 19:57:18+00,,Sign 53,3:57:18 PM,,"Oct 30, 2020 at 3:57:18 PM",,,,,,,,,,,,,,,,
-78.78411605,42.9998834,183.3776901,2020/10/30 19:58:24+00,,Sign 54,3:58:24 PM,,"Oct 30, 2020 at 3:58:24 PM",,,,,,,,,,,,,,,,
-78.78410073,42.99975992,181.4005508,2020/10/30 19:59:09+00,,Sign 55,3:59:09 PM,,"Oct 30, 2020 at 3:59:09 PM",,,,,,,,,,,,,,,,
-78.78341049,42.99996797,181.7280965,2020/10/30 20:00:34+00,,Sign 56,4:00:34 PM,,"Oct 30, 2020 at 4:00:34 PM",,,,,,,,,,,,,,,,
-78.78371352,43.00027802,181.234433,2020/10/30 20:01:33+00,,Sign 57,4:01:33 PM,,"Oct 30, 2020 at 4:01:33 PM",,,,,,,,,,,,,,,,
-78.78403948,43.00022249,184.3415756,2020/10/30 20:02:29+00,,Sign 58,4:02:29 PM,,"Oct 30, 2020 at 4:02:29 PM",,,,,,,,,,,,,,,,
-78.78296438,42.99972411,181.6977057,2020/10/30 20:04:49+00,,Sign 59,4:04:49 PM,,"Oct 30, 2020 at 4:04:49 PM",,,,,,,,,,,,,,,,
-78.78281598,42.99943958,180.1214108,2020/10/30 20:05:56+00,,Sign 60,4:05:56 PM,,"Oct 30, 2020 at 4:05:56 PM",,,,,,,,,,,,,,,,
-78.78293812,42.99943211,180.2180032,2020/10/30 20:06:34+00,,Sign 61,4:06:34 PM,,"Oct 30, 2020 at 4:06:34 PM",,,,,,,,,,,,,,,,
-78.78256517,42.99946187,180.5826589,2020/10/30 20:07:35+00,,Sign 62,4:07:35 PM,,"Oct 30, 2020 at 4:07:35 PM",,,,,,,,,,,,,,,,
-78.78289775,43.00036838,180.9563178,2020/10/30 20:09:36+00,,Sign 63,4:09:36 PM,,"Oct 30, 2020 at 4:09:36 PM",,,,,,,,,,,,,,,,
-78.78024027,43.00020975,180.5266531,2020/10/30 20:15:19+00,,Sign 64,4:15:19 PM,,"Oct 30, 2020 at 4:15:19 PM",,,,,,,,,,,,,,,,
-78.78009467,43.00036346,180.9639743,2020/10/30 20:21:00+00,,Sign 65,4:21:00 PM,,"Oct 30, 2020 at 4:21:00 PM",,,,,,,,,,,,,,,,
-78.77998093,43.00023121,180.6305586,2020/10/30 20:21:47+00,,Sign 66,4:21:47 PM,,"Oct 30, 2020 at 4:21:47 PM",,,,,,,,,,,,,,,,
-78.7799504,43.00065302,180.8422315,2020/10/30 20:22:51+00,,Sign 67,4:22:51 PM,,"Oct 30, 2020 at 4:22:51 PM",,,,,,,,,,,,,,,,
-78.77919316,43.00147076,178.5629493,2020/10/30 20:24:53+00,,Sign 68,4:24:53 PM,,"Oct 30, 2020 at 4:24:53 PM",,,,,,,,,,,,,,,,
-78.77944879,43.00149602,177.8376408,2020/10/30 20:25:51+00,,Sign 69,4:25:51 PM,,"Oct 30, 2020 at 4:25:51 PM",,,,,,,,,,,,,,,,
-78.77830442,43.00162952,179.734449,2020/10/30 20:27:39+00,,Sign 70,4:27:39 PM,,"Oct 30, 2020 at 4:27:39 PM",,,,,,,,,,,,,,,,
-78.77928718,43.00184321,178.1386391,2020/10/30 20:29:45+00,,Sign 71,4:29:45 PM,,"Oct 30, 2020 at 4:29:45 PM",,,,,,,,,,,,,,,,
-78.77952579,43.00184278,178.1999517,2020/10/30 20:30:31+00,,Sign 72,4:30:31 PM,,"Oct 30, 2020 at 4:30:31 PM",,,,,,,,,,,,,,,,
-78.77951012,43.00219571,178.0849959,2020/10/30 20:31:27+00,,Sign 73,4:31:27 PM,,"Oct 30, 2020 at 4:31:27 PM",,,,,,,,,,,,,,,,
-78.77907763,43.00234669,178.8094261,2020/10/30 20:32:30+00,,Sign 74,4:32:30 PM,,"Oct 30, 2020 at 4:32:30 PM",,,,,,,,,,,,,,,,
-78.77922277,43.00254261,177.6839204,2020/10/30 20:33:20+00,,Sign 75,4:33:20 PM,,"Oct 30, 2020 at 4:33:20 PM",,,,,,,,,,,,,,,,
-78.77816288,43.00337959,178.607333,2020/10/30 20:35:34+00,,Sign 76,4:35:34 PM,,"Oct 30, 2020 at 4:35:34 PM",,,,,,,,,,,,,,,,
-78.77831527,43.00359393,177.6171902,2020/10/30 20:36:25+00,,Sign 77,4:36:25 PM,,"Oct 30, 2020 at 4:36:25 PM",,,,,,,,,,,,,,,,
-78.78067297,43.00106056,178.2173073,2020/10/30 20:41:41+00,,Sign 78,4:41:41 PM,,"Oct 30, 2020 at 4:41:41 PM",,,,,,,,,,,,,,,,
-78.78011924,42.99907777,179.0822774,2020/10/30 20:45:16+00,,Sign 79,4:45:16 PM,,"Oct 30, 2020 at 4:45:16 PM",,,,,,,,,,,,,,,,
-78.78009761,42.99891689,180.3222027,2020/10/30 20:46:00+00,,Sign 80,4:46:00 PM,,"Oct 30, 2020 at 4:46:00 PM",,,,,,,,,,,,,,,,
-78.78019198,42.99873048,182.0703068,2020/10/30 20:46:42+00,,Sign 81,4:46:42 PM,,"Oct 30, 2020 at 4:46:42 PM",,,,,,,,,,,,,,,,
-78.78001176,42.99816135,182.2030773,2020/10/30 20:48:03+00,,Sign 82,4:48:03 PM,,"Oct 30, 2020 at 4:48:03 PM",,,,,,,,,,,,,,,,
-78.78055371,42.99801478,181.8480465,2020/10/30 20:49:03+00,,Sign 83,4:49:03 PM,,"Oct 30, 2020 at 4:49:03 PM",,,,,,,,,,,,,,,,
-78.7809897,42.99816083,181.4852697,2020/10/30 20:50:01+00,,Sign 84,4:50:01 PM,,"Oct 30, 2020 at 4:50:01 PM",,,,,,,,,,,,,,,,
-78.78122263,42.99774565,182.4966737,2020/10/30 20:51:26+00,,Sign 85,4:51:26 PM,,"Oct 30, 2020 at 4:51:26 PM",,,,,,,,,,,,,,,,
-78.78091088,42.99854606,180.8392144,2020/10/30 20:52:55+00,,Sign 86,4:52:55 PM,,"Oct 30, 2020 at 4:52:55 PM",,,,,,,,,,,,,,,,
-78.78188196,42.99824732,180.7776628,2020/10/30 20:54:27+00,,Sign 87,4:54:27 PM,,"Oct 30, 2020 at 4:54:27 PM",,,,,,,,,,,,,,,,
-78.78195562,42.99802073,181.3636595,2020/10/30 20:55:32+00,,Sign 88,4:55:32 PM,,"Oct 30, 2020 at 4:55:32 PM",,,,,,,,,,,,,,,,
-78.78242241,42.99813915,180.2617016,2020/10/30 20:56:27+00,,Sign 89,4:56:27 PM,,"Oct 30, 2020 at 4:56:27 PM",,,,,,,,,,,,,,,,
-78.78296673,42.99794629,181.015561,2020/10/30 20:57:33+00,,Sign 90,4:57:33 PM,,"Oct 30, 2020 at 4:57:33 PM",,,,,,,,,,,,,,,,
-78.78292178,42.99890598,181.5558105,2020/10/30 20:59:18+00,,Sign 91,4:59:18 PM,,"Oct 30, 2020 at 4:59:18 PM",,,,,,,,,,,,,,,,
-78.78381452,42.99890187,181.3474869,2020/10/30 21:00:53+00,,Sign 92,5:00:53 PM,,"Oct 30, 2020 at 5:00:53 PM",,,,,,,,,,,,,,,,
-78.78386456,42.99914944,181.5980644,2020/10/30 21:01:44+00,,Sign 93,5:01:44 PM,,"Oct 30, 2020 at 5:01:44 PM",,,,,,,,,,,,,,,,
-78.78430293,42.99915905,181.4484871,2020/10/30 21:02:33+00,,Sign 94,5:02:33 PM,,"Oct 30, 2020 at 5:02:33 PM",,,,,,,,,,,,,,,,
-78.78431064,42.99889784,180.8726916,2020/10/30 21:03:38+00,,Sign 95,5:03:38 PM,,"Oct 30, 2020 at 5:03:38 PM",,,,,,,,,,,,,,,,
-78.78359599,42.99814683,180.2642611,2020/10/30 21:05:12+00,,Sign 96,5:05:12 PM,,"Oct 30, 2020 at 5:05:12 PM",,,,,,,,,,,,,,,,
-78.78377544,42.99817134,180.4674504,2020/10/30 21:05:49+00,,Sign 97,5:05:49 PM,,"Oct 30, 2020 at 5:05:49 PM",,,,,,,,,,,,,,,,
-78.78443705,42.99816349,180.159522,2020/10/30 21:06:48+00,,Sign 98,5:06:48 PM,,"Oct 30, 2020 at 5:06:48 PM",,,,,,,,,,,,,,,,
-78.78439147,42.99800768,179.8153755,2020/10/30 21:07:32+00,,Sign 99,5:07:32 PM,,"Oct 30, 2020 at 5:07:32 PM",,,,,,,,,,,,,,,,
-78.78473688,42.99800956,179.5234416,2020/10/30 21:08:33+00,,Sign 100,5:08:33 PM,,"Oct 30, 2020 at 5:08:33 PM",,,,,,,,,,,,,,,,
-78.78573184,42.99815994,179.934557,2020/10/30 21:09:59+00,,Sign 101,5:09:59 PM,,"Oct 30, 2020 at 5:09:59 PM",,,,,,,,,,,,,,,,
-78.78691343,42.99815283,179.8807445,2020/10/30 21:11:35+00,,Sign 102,5:11:35 PM,,"Oct 30, 2020 at 5:11:35 PM",,,,,,,,,,,,,,,,
-78.78679828,42.99794042,179.7820259,2020/10/30 21:12:13+00,,Sign 103,5:12:13 PM,,"Oct 30, 2020 at 5:12:13 PM",,,,,,,,,,,,,,,,
-78.78783785,42.99798666,179.6227289,2020/10/30 21:13:45+00,,Sign 104,5:13:45 PM,,"Oct 30, 2020 at 5:13:45 PM",,,,,,,,,,,,,,,,
-78.78796135,42.99816397,179.9329539,2020/10/30 21:14:28+00,,Sign 105,5:14:28 PM,,"Oct 30, 2020 at 5:14:28 PM",,,,,,,,,,,,,,,,
-78.78875117,42.99890968,181.6228744,2020/10/30 21:16:26+00,,Sign 106,5:16:26 PM,,"Oct 30, 2020 at 5:16:26 PM",,,,,,,,,,,,,,,,
-78.78904151,42.99945987,183.7640436,2020/10/30 21:18:04+00,,Sign 107,5:18:04 PM,,"Oct 30, 2020 at 5:18:04 PM",,,,,,,,,,,,,,,,
-78.78844135,43.00001751,184.8363063,2020/10/30 21:19:36+00,,Sign 108,5:19:36 PM,,"Oct 30, 2020 at 5:19:36 PM",,,,,,,,,,,,,,,,
-78.78768291,43.0000407,185.0243333,2020/10/30 21:20:51+00,,Sign 109,5:20:51 PM,,"Oct 30, 2020 at 5:20:51 PM",,,,,,,,,,,,,,,,
-78.7876221,43.00010815,184.9594712,2020/10/30 21:21:20+00,,Sign 110,5:21:20 PM,,"Oct 30, 2020 at 5:21:20 PM",,,,,,,,,,,,,,,,
-78.78745252,43.00004291,184.9835129,2020/10/30 21:22:01+00,,Sign 111,5:22:01 PM,,"Oct 30, 2020 at 5:22:01 PM",,,,,,,,,,,,,,,,
-78.78731514,43.00009976,185.2904582,2020/10/30 21:22:35+00,,Sign 112,5:22:35 PM,,"Oct 30, 2020 at 5:22:35 PM",,,,,,,,,,,,,,,,
-78.78679369,43.00004267,185.2002236,2020/10/30 21:23:28+00,,Sign 113,5:23:28 PM,,"Oct 30, 2020 at 5:23:28 PM",,,,,,,,,,,,,,,,
-78.78647086,43.00009904,184.8269845,2020/10/30 21:24:55+00,,Sign 114,5:24:55 PM,,"Oct 30, 2020 at 5:24:55 PM",,,,,,,,,,,,,,,,
-78.78666535,43.00008637,185.8219812,2020/10/30 21:26:50+00,,Sign 115,5:26:50 PM,,"Oct 30, 2020 at 5:26:50 PM",,,,,,,,,,,,,,,,
-78.78633388,43.0001175,184.8189908,2020/10/30 21:27:21+00,,Sign 116,5:27:21 PM,,"Oct 30, 2020 at 5:27:21 PM",,,,,,,,,,,,,,,,
-78.78629535,42.99984927,184.3971487,2020/10/30 21:28:13+00,,Sign 117,5:28:13 PM,,"Oct 30, 2020 at 5:28:13 PM",,,,,,,,,,,,,,,,
-78.78651899,42.9993951,182.6843834,2020/10/30 21:29:21+00,,Sign 118,5:29:21 PM,,"Oct 30, 2020 at 5:29:21 PM",,,,,,,,,,,,,,,,
-78.7864774,42.9991814,182.1703496,2020/10/30 21:30:04+00,,Sign 119,5:30:04 PM,,"Oct 30, 2020 at 5:30:04 PM",,,,,,,,,,,,,,,,
-78.78748136,42.999191,182.9110366,2020/10/30 21:32:04+00,,Sign 120,5:32:04 PM,,"Oct 30, 2020 at 5:32:04 PM",,,,,,,,,,,,,,,,
-78.78746858,42.99936694,184.3298316,2020/10/30 21:32:51+00,,Sign 121,5:32:51 PM,,"Oct 30, 2020 at 5:32:51 PM",,,,,,,,,,,,,,,,
-78.78728103,43.0006434,185.3834326,2020/10/30 21:34:51+00,,Sign 122,5:34:51 PM,,"Oct 30, 2020 at 5:34:51 PM",,,,,,,,,,,,,,,,
-78.78720017,43.00073249,185.0366609,2020/10/30 21:35:24+00,,Sign 123,5:35:24 PM,,"Oct 30, 2020 at 5:35:24 PM",,,,,,,,,,,,,,,,
-78.78677752,43.00073987,185.0198483,2020/10/30 21:36:11+00,,Sign 124,5:36:11 PM,,"Oct 30, 2020 at 5:36:11 PM",,,,,,,,,,,,,,,,
-78.78646548,43.00072216,184.9601568,2020/10/30 21:37:00+00,,Sign 125,5:37:00 PM,,"Oct 30, 2020 at 5:37:00 PM",,,,,,,,,,,,,,,,
-78.78577061,43.00080516,183.7876229,2020/10/30 21:37:59+00,,Sign 126,5:37:59 PM,,"Oct 30, 2020 at 5:37:59 PM",,,,,,,,,,,,,,,,
-78.78591033,43.00066402,183.5908543,2020/10/30 21:38:28+00,,Sign 127,5:38:28 PM,,"Oct 30, 2020 at 5:38:28 PM",,,,,,,,,,,,,,,,
-78.78674651,43.00057096,185.6892311,2020/10/30 21:39:27+00,,Sign 128,5:39:27 PM,,"Oct 30, 2020 at 5:39:27 PM",,,,,,,,,,,,,,,,
-78.78774952,43.00069614,184.8773823,2020/10/30 21:41:15+00,,Sign 129,5:41:15 PM,,"Oct 30, 2020 at 5:41:15 PM",,,,,,,,,,,,,,,,
-78.78824072,43.00068793,185.0890556,2020/10/30 21:42:01+00,,Sign 130,5:42:01 PM,,"Oct 30, 2020 at 5:42:01 PM",,,,,,,,,,,,,,,,
-78.7883246,43.00072906,185.0369298,2020/10/30 21:42:23+00,,Sign 131,5:42:23 PM,,"Oct 30, 2020 at 5:42:23 PM",,,,,,,,,,,,,,,,
-78.78837911,43.00061613,185.0731612,2020/10/30 21:43:17+00,,Sign 132,5:43:17 PM,,"Oct 30, 2020 at 5:43:17 PM",,,,,,,,,,,,,,,,
-78.78872504,43.00027021,185.3899305,2020/10/30 21:44:14+00,,Sign 133,5:44:14 PM,,"Oct 30, 2020 at 5:44:14 PM",,,,,,,,,,,,,,,,
-78.78881376,43.00039622,185.5839035,2020/10/30 21:44:59+00,,Sign 134,5:44:59 PM,,"Oct 30, 2020 at 5:44:59 PM",,,,,,,,,,,,,,,,
-78.78885682,43.00056716,185.8689261,2020/10/30 21:45:38+00,,Sign 135,5:45:38 PM,,"Oct 30, 2020 at 5:45:38 PM",,,,,,,,,,,,,,,,
-78.78909523,43.00053649,185.4577651,2020/10/30 21:46:12+00,,Sign 136,5:46:12 PM,,"Oct 30, 2020 at 5:46:12 PM",,,,,,,,,,,,,,,,
-78.78950077,43.00046792,185.1197076,2020/10/30 21:46:57+00,,Sign 137,5:46:57 PM,,"Oct 30, 2020 at 5:46:57 PM",,,,,,,,,,,,,,,,
-78.79087674,43.00041307,185.1138984,2020/10/30 21:48:38+00,,Sign 138,5:48:38 PM,,"Oct 30, 2020 at 5:48:38 PM",,,,,,,,,,,,,,,,
-78.79098311,43.00037845,185.187415,2020/10/30 21:49:17+00,,Sign 139,5:49:17 PM,,"Oct 30, 2020 at 5:49:17 PM",,,,,,,,,,,,,,,,
-78.79109008,43.0002506,185.5555622,2020/10/30 21:49:44+00,,Sign 140,5:49:44 PM,,"Oct 30, 2020 at 5:49:44 PM",,,,,,,,,,,,,,,,
-78.7911262,43.0003249,185.6754547,2020/10/30 21:50:23+00,,Sign 141,5:50:23 PM,,"Oct 30, 2020 at 5:50:23 PM",,,,,,,,,,,,,,,,
-78.79126616,43.00024951,185.5990032,2020/10/30 21:51:05+00,,Sign 142,5:51:05 PM,,"Oct 30, 2020 at 5:51:05 PM",,,,,,,,,,,,,,,,
-78.79152178,43.0000831,185.7950584,2020/10/30 21:52:05+00,,Sign 143,5:52:05 PM,,"Oct 30, 2020 at 5:52:05 PM",,,,,,,,,,,,,,,,
-78.79178592,43.00006623,184.9874723,2020/10/30 21:52:54+00,,Sign 144,5:52:54 PM,,"Oct 30, 2020 at 5:52:54 PM",,,,,,,,,,,,,,,,
-78.79253159,43.00026896,184.7012798,2020/10/30 21:53:57+00,,Sign 145,5:53:57 PM,,"Oct 30, 2020 at 5:53:57 PM",,,,,,,,,,,,,,,,
-78.7922888,42.99976262,184.2631679,2020/10/30 21:54:57+00,,Sign 146,5:54:57 PM,,"Oct 30, 2020 at 5:54:57 PM",,,,,,,,,,,,,,,,
-78.79268627,42.99966875,184.0637507,2020/10/30 21:55:40+00,,Sign 147,5:55:40 PM,,"Oct 30, 2020 at 5:55:40 PM",,,,,,,,,,,,,,,,
-78.7926848,42.99927272,183.7574092,2020/10/30 21:57:02+00,,Sign 148,5:57:02 PM,,"Oct 30, 2020 at 5:57:02 PM",,,,,,,,,,,,,,,,
-78.79148949,42.99949532,184.1994053,2020/10/30 21:58:32+00,,Sign 149,5:58:32 PM,,"Oct 30, 2020 at 5:58:32 PM",,,,,,,,,,,,,,,,
-78.79127172,42.99964786,184.4942181,2020/10/30 21:59:09+00,,Sign 150,5:59:09 PM,,"Oct 30, 2020 at 5:59:09 PM",,,,,,,,,,,,,,,,
-78.79108668,42.9994113,183.9648302,2020/10/30 21:59:54+00,,Sign 151,5:59:54 PM,,"Oct 30, 2020 at 5:59:54 PM",,,,,,,,,,,,,,,,
-78.79089339,42.99966444,184.3224772,2020/10/30 22:00:37+00,,Sign 152,6:00:37 PM,,"Oct 30, 2020 at 6:00:37 PM",,,,,,,,,,,,,,,,
-78.79073178,42.99952155,184.7034817,2020/10/30 22:01:15+00,,Sign 153,6:01:15 PM,,"Oct 30, 2020 at 6:01:15 PM",,,,,,,,,,,,,,,,
-78.78989926,42.99947699,184.4953818,2020/10/30 22:02:26+00,,Sign 154,6:02:26 PM,,"Oct 30, 2020 at 6:02:26 PM",,,,,,,,,,,,,,,,
-78.79074517,42.99814343,181.4543456,2020/10/30 22:05:02+00,,Sign 155,6:05:02 PM,,"Oct 30, 2020 at 6:05:02 PM",,,,,,,,,,,,,,,,
-78.79194445,42.99812428,181.9995487,2020/10/30 22:06:25+00,,Sign 156,6:06:25 PM,,"Oct 30, 2020 at 6:06:25 PM",,,,,,,,,,,,,,,,
-78.79322293,42.99811468,183.2994102,2020/10/30 22:07:52+00,,Sign 157,6:07:52 PM,,"Oct 30, 2020 at 6:07:52 PM",,,,,,,,,,,,,,,,
-78.79362596,42.99797013,183.0508677,2020/10/30 22:08:57+00,,Sign 158,6:08:57 PM,,"Oct 30, 2020 at 6:08:57 PM",,,,,,,,,,,,,,,,
-78.79428875,42.99796875,183.2938842,2020/10/30 22:10:03+00,,Sign 159,6:10:03 PM,,"Oct 30, 2020 at 6:10:03 PM",,,,,,,,,,,,,,,,
-78.7940459,42.99839317,183.4461323,2020/10/30 22:11:02+00,,Sign 160,6:11:02 PM,,"Oct 30, 2020 at 6:11:02 PM",,,,,,,,,,,,,,,,
-78.79404084,42.99897743,183.4435347,2020/10/30 22:12:07+00,,Sign 161,6:12:07 PM,,"Oct 30, 2020 at 6:12:07 PM",,,,,,,,,,,,,,,,
-78.79428313,42.99916285,183.1956865,2020/10/30 22:12:51+00,,Sign 162,6:12:51 PM,,"Oct 30, 2020 at 6:12:51 PM",,,,,,,,,,,,,,,,
-78.79476485,42.99989919,181.3451463,2020/10/30 22:14:14+00,,Sign 163,6:14:14 PM,,"Oct 30, 2020 at 6:14:14 PM",,,,,,,,,,,,,,,,
-78.79244427,43.0009545,182.7441125,2020/10/30 22:17:19+00,,Sign 164,6:17:19 PM,,"Oct 30, 2020 at 6:17:19 PM",,,,,,,,,,,,,,,,
-78.7926906,43.00104612,182.7248397,2020/10/30 22:18:13+00,,Sign 165,6:18:13 PM,,"Oct 30, 2020 at 6:18:13 PM",,,,,,,,,,,,,,,,
-78.79191473,43.00103717,182.5407895,2020/10/30 22:19:20+00,,Sign 166,6:19:20 PM,,"Oct 30, 2020 at 6:19:20 PM",,,,,,,,,,,,,,,,
-78.79143132,43.00105774,182.0282688,2020/10/30 22:20:17+00,,Sign 167,6:20:17 PM,,"Oct 30, 2020 at 6:20:17 PM",,,,,,,,,,,,,,,,
-78.79103196,43.00104748,181.9417003,2020/10/30 22:21:09+00,,Sign 168,6:21:09 PM,,"Oct 30, 2020 at 6:21:09 PM",,,,,,,,,,,,,,,,
-78.79071675,43.0008321,182.8034411,2020/10/30 22:22:03+00,,Sign 169,6:22:03 PM,,"Oct 30, 2020 at 6:22:03 PM",,,,,,,,,,,,,,,,
-78.79050609,43.00041544,184.7538753,2020/10/30 22:24:21+00,,Sign 170,6:24:21 PM,,"Oct 30, 2020 at 6:24:21 PM",,,,,,,,,,,,,,,,
-78.78956608,43.00040751,185.5265507,2020/10/30 22:26:01+00,,Sign 171,6:26:01 PM,,"Oct 30, 2020 at 6:26:01 PM",,,,,,,,,,,,,,,,
-78.78805512,43.00135129,181.8242196,2020/10/30 22:30:01+00,,Sign 172,6:30:01 PM,,"Oct 30, 2020 at 6:30:01 PM",,,,,,,,,,,,,,,,
-78.78808766,43.00139398,182.1948446,2020/10/30 22:30:51+00,,Sign 173,6:30:51 PM,,"Oct 30, 2020 at 6:30:51 PM",,,,,,,,,,,,,,,,
-78.78738655,43.00133188,180.848641,2020/10/30 22:31:59+00,,Sign 174,6:31:59 PM,,"Oct 30, 2020 at 6:31:59 PM",,,,,,,,,,,,,,,,
-78.7872668,43.0013482,181.4086164,2020/10/30 22:32:35+00,,Sign 175,6:32:35 PM,,"Oct 30, 2020 at 6:32:35 PM",,,,,,,,,,,,,,,,
-78.78689262,43.00097184,183.7242382,2020/10/30 22:33:47+00,,Sign 176,6:33:47 PM,,"Oct 30, 2020 at 6:33:47 PM",,,,,,,,,,,,,,,,
